S.No,Scheme Name,Category,Target Group,State,Level,Department,Benefits,Short Description,Key Benefits,Eligibility Criteria,Required Documents,Application Process,Application Deadline,Official Portal URL,Official Source
1,"Andhra Pradesh Annadata Sukhibhava - PM KISAN Scheme","Agriculture","Farmer","Andhra Pradesh","State","Department of Agriculture & Cooperation, Government of Andhra Pradesh","₹20,000 per year (₹14,000 State + ₹6,000 PM-KISAN DBT)","Annual financial support of ₹20,000 per farmer family in Andhra Pradesh (integrating ₹6,000 PM-KISAN + ₹14,000 AP State Assistance).","₹20,000 annual direct cash transfer credited into farmer bank accounts in three seasonal installments | Extends coverage to both landholding farmers and tenant farmers holding CCRC cards | Free 9-hour daytime agricultural power supply and crop insurance protection","Farmer resident of Andhra Pradesh owning agricultural land or recognized tenant cultivator | Tenant farmers holding valid Crop Cultivator Rights Card (CCRC) | Registered on e-Crop portal with active Aadhaar DBT bank account","Aadhaar Card of farmer head | Pattadar Passbook / 1B Land record title | Crop Cultivator Rights Card (CCRC) for tenant cultivators | Aadhaar-seeded Bank Account Passbook (NPCI enabled)","Farmer registration through Rythu Seva Kendras / Village Secretariats -> Social audit and verification via e-Crop and PM-KISAN database -> Direct DBT credit into beneficiary bank account","Open Year Round","https://pmkisan.gov.in","Department of Agriculture & PM-KISAN, Government of India & AP"
2,"Dr. NTR Vaidya Seva Universal Health Scheme","Healthcare","Healthcare","Andhra Pradesh","State","Dr. NTR Vaidya Seva Trust & National Health Authority","₹25,00,000 Cashless Hospitalization per family per year + Post-operative recovery allowance","Cashless medical treatment up to ₹25,00,000 per family per year in empanelled corporate and government hospitals across AP and major cities.","Complete cashless hospital coverage up to ₹25,00,000 for 3,257 notified medical procedures | Aarogya Aasara post-operative recuperative financial allowance of up to ₹5,000 per month | Access to top multi-specialty network hospitals in AP, Hyderabad, Bengaluru, and Chennai","Resident families of Andhra Pradesh with annual family income under ₹5 Lakhs | Holding AP Rice Card (White Ration Card) or NTR Vaidya Seva Health Card","Aadhaar Card of patient / family members | AP Rice Card / White Ration Card / Health Card | Doctor Prescription / Hospital referral memo","Visit any empanelled network hospital in AP, Hyderabad, Bengaluru, or Chennai -> Approach Vaidya Seva Mithra at the hospital helpdesk -> Instant electronic pre-authorization and free cashless admission","Open Year Round","https://pmjay.gov.in","Dr. NTR Vaidya Seva Trust & PM-JAY National Health Portal"
3,"Andhra Pradesh Thalliki Vandanam Scheme","Scholarships","Scholarships","Andhra Pradesh","State","School Education Department, Government of Andhra Pradesh","₹15,00,0 per school-going child per year","Annual financial incentive of ₹15,000 for every school-going child deposited directly into the mother’s bank account under the Super Six initiative.","₹15,000 direct benefit transfer credited into the mother’s Aadhaar-linked bank account | Applicable to all school-going children from Class 1 to 12 in the family | Supports school fees, uniform, stationery, and nutritional requirements","Mother or recognized guardian of student studying in Class 1 to Intermediate (12th) | Permanent resident of Andhra Pradesh | Enrolled in recognized government, aided, or private schools/colleges | Family annual income under ₹2.5 Lakhs (holding Rice Card)","Aadhaar Card of student and mother | White Ration Card / AP Rice Card | School Bonafide Certificate / Student Information System (UDISE) record | Mother’s Bank Account Passbook (Aadhaar-seeded)","School Headmaster verifies student enrollment and attendance on Child Info portal -> Village / Ward Sachivalayam conducts social audit verification -> Direct DBT credit by Andhra Pradesh Government into mother’s bank account","31 October 2026","https://scholarships.gov.in","Department of School Education & National Scholarship Portal"
4,"Andhra Pradesh Maha Shakti Scheme (Free RTC Bus Travel for Women)","Women","Women","Andhra Pradesh","State","APSRTC & Transport Department, Government of Andhra Pradesh","100% Free Public Transport on APSRTC Buses Statewide (Zero Fare)","100% free bus travel for all women and girls across Andhra Pradesh on APSRTC Palle Velugu, Ultra Palle Velugu, and Express buses under the Super Six package.","Zero-fare travel across all APSRTC Palle Velugu, Express, and City Ordinary bus routes across Andhra Pradesh | No monthly ceiling on number of journeys or distance traveled within the state borders | Significant financial savings of ₹1,200 to ₹3,000 monthly for working women, vendors, and students","All women, girls, and transgender persons of any age residing in Andhra Pradesh | Production of valid photo identity / Aadhaar Card establishing AP domicile or identity","Aadhaar Card or AP Residence Proof / Voter ID / Student ID with photo","Board any APSRTC Palle Velugu or Express bus within Andhra Pradesh -> Present Aadhaar or recognized photo ID card to the bus conductor -> Receive a Zero-Fare Passenger Ticket instantly with no out-of-pocket payment","Open Year Round","https://apsrtc.ap.gov.in","Andhra Pradesh State Road Transport Corporation (APSRTC)"
5,"Andhra Pradesh Maha Shakti Aadabidda Nidhi Scheme","Women","Women","Andhra Pradesh","State","Department of Women, Children, Disabled and Senior Citizens, Government of Andhra Pradesh","₹1,500 per month (₹18,000 per year) DBT Direct Cash Transfer","Direct financial assistance of ₹1,500 per month (₹18,000 per year) deposited directly into the bank accounts of women aged 18 to 59 years in Andhra Pradesh.","₹1,500 monthly unconditional financial transfer credited directly into beneficiary bank account | ₹18,000 annual guaranteed financial safety net for women homemakers and informal workers | Enhances household nutrition, healthcare independence, and emergency financial resilience","Woman resident of Andhra Pradesh aged between 18 and 59 years | Holding active AP White Ration Card (Rice Card) | Aadhaar-seeded bank account enabled for NPCI DBT credit","Aadhaar Card of the woman applicant | AP Rice Card / White Ration Card | Bank Account Passbook showing Aadhaar linkage (NPCI mapped) | Income Certificate (or Rice Card as proof of income)","Submit application at nearest Village / Ward Sachivalayam or online via citizen portal -> Field verification by Village Social Welfare Assistant -> Monthly DBT credit disbursed directly on the specified DBT day each month","Open Year Round","https://www.myscheme.gov.in","Department of Women Development and Child Welfare & myScheme Portal"
6,"Andhra Pradesh Deepam 2.0 Scheme (3 Free LPG Cylinders)","Women","Women","Andhra Pradesh","State","Civil Supplies & Consumer Affairs Department, Government of Andhra Pradesh","3 Free Domestic LPG Gas Cylinders per year (100% Full Cost DBT Reimbursement)","Free 3 domestic LPG cooking gas cylinder refills per year through 100% DBT subsidy reimbursement for women heads of households under the Super Six package.","3 free domestic LPG cylinder refills provided per household per year (approx. ₹2,600+ annual benefit) | 100% subsidy reimbursement credited into the woman’s bank account within 48 hours of gas delivery | Eliminates biomass smoke, protecting maternal and infant respiratory health","Permanent female resident of Andhra Pradesh | Holding valid AP White Ration Card / Rice Card | Active domestic LPG connection in the name of a female family member","Aadhaar Card of woman LPG consumer | AP Rice Card / Ration Card | LPG Connection Consumer Passbook / Subscription voucher (HPCL, BPCL, or IOCL) | Aadhaar-seeded Bank Account Passbook","Ensure Aadhaar and Rice Card are linked with your local LPG gas distributor -> Book standard domestic cylinder refill through agency, WhatsApp, or IVRS -> Full refill price is refunded automatically via DBT within 48 hours of delivery","Open Year Round","https://www.myscheme.gov.in","Civil Supplies Department & myScheme Portal"
7,"Andhra Pradesh Cheyutha & Stree Nidhi Livelihood Scheme","Women","Women","Andhra Pradesh","State","Department of Social Welfare & SERP, Government of Andhra Pradesh","₹18,750 per year (Total ₹75,000 over 4 years) Direct Grant","Financial assistance of ₹18,750 per year (Total ₹75,000 over 4 years) for women aged 45–60 years from SC, ST, BC, and Minority communities to set up sustainable micro-enterprises.","₹18,750 annual grant transferred into the beneficiary’s bank account for 4 years | Technical tie-ups with Amul, ITC, Procter & Gamble, and Reliance for wholesale supplies and buybacks | Enables independent livelihood in cattle farming, retail stores, food processing, and tailoring","Woman resident of Andhra Pradesh aged between 45 and 60 years | Belonging to SC, ST, BC, or Minority communities | Holding AP Rice Card with total family income under ₹1.44 Lakh (Rural) or ₹1.20 Lakh (Urban)","Aadhaar Card of the woman applicant | Caste and Integrated Community Certificate (SC/ST/BC/Minority) | AP Rice Card / Income Certificate | Aadhaar-seeded Bank Account Passbook","Apply at your Village / Ward Secretariat (Sachivalayam) through the Welfare Assistant -> Verification of caste, age, and socioeconomic parameters -> DBT disbursement credited into bank account","Open Year Round","https://www.myscheme.gov.in","Society for Elimination of Rural Poverty (SERP) & myScheme Portal"
8,"Andhra Pradesh Kalyana Masthu & Shaadi Mubarak Scheme","Women","Women","Andhra Pradesh","State","Social Welfare & Minority Welfare Departments, Government of Andhra Pradesh","₹1,00,000 (SC/ST/Minority) | ₹50,000 (BC) | ₹1,50,000 (Differently Abled)","One-time financial marriage grant of up to ₹1,00,000 for poor brides from SC, ST, BC, and Minority communities with mandatory 10th pass qualification.","Direct DBT credit of up to ₹1,00,000 directly into the bride’s bank account post-marriage | Promotes educational attainment by requiring minimum Class 10th pass for bride and groom | Provides financial independence to newlywed women in setting up home or small enterprise","Bride must be a permanent resident of Andhra Pradesh | Minimum age of 18 years for bride and 21 years for groom at the time of marriage | Both bride and groom must have passed 10th Class (SSC) | Total annual family income must be within BPL limits (Rice Card holder)","Bride and Groom Aadhaar Cards | Class 10th (SSC) Passing Certificate / Marks Memo of bride and groom | Marriage Registration Certificate / Nikahnama / Vivah Registration | Caste Certificate and White Ration Card / Rice Card | Bride’s Bank Account Passbook","Apply at Village / Ward Sachivalayam or citizen portal within 60 days of marriage -> Joint physical verification by Village Welfare & Education Assistant -> Grant disbursed directly into the bride’s bank account","Open Year Round","https://www.myscheme.gov.in","Social Welfare Department & myScheme Portal"
9,"Andhra Pradesh NTR Bharosa Senior Citizen Pension Scheme (Old Age Pension)","Pension","Senior Citizen","Andhra Pradesh","State","Department of Social Welfare & SERP, Government of Andhra Pradesh","₹4,000 per month delivered directly at the doorstep on 1st of every month","Enhanced monthly old age pension of ₹4,000 delivered directly at the doorstep on the 1st of every month for senior citizens aged 60+ in Andhra Pradesh.","₹4,000 monthly pension delivered in cash at the senior citizen’s doorstep on the 1st of each month | Doorstep biometric authentication or facial recognition so elderly citizens do not need to visit banks or stand in lines | Guaranteed lifelong economic security and dignity for senior citizens","Resident of Andhra Pradesh aged 60 years or above | Holding valid White Ration Card / AP Rice Card | Total family income under ₹1.44 Lakh per annum (Rural) or ₹1.20 Lakh (Urban) | Not a government employee or receiving government service pension","Aadhaar Card of senior citizen (verifying age 60+) | White Ration Card / AP Rice Card | Voter Identity Card / Age proof certificate | Bank Account Passbook (optional, for DBT mode)","Submit application at nearest Village / Ward Sachivalayam (Gram/Ward Secretariat) -> Field verification and social audit by Welfare and Education Assistant -> Sanction card issued with monthly doorstep delivery starting on next 1st of month","Open Year Round","https://www.myscheme.gov.in/search?q=pension","Society for Elimination of Rural Poverty (SERP) & National Social Assistance Programme"
10,"Dr. NTR Vaidya Seva Geriatric & Senior Citizen Healthcare Support","Healthcare","Senior Citizen","Andhra Pradesh","State","Dr. NTR Vaidya Seva Trust & National Health Authority","₹25,00,000 Cashless Hospital Treatment + ₹5,000/month Aarogya Aasara Recovery Allowance","100% cashless hospitalization up to ₹25,00,000 for elderly citizens covering knee/hip replacements, cardiac stents, oncology, and Aarogya Aasara post-op allowance of ₹5,000/month.","Cashless coverage up to ₹25,00,000 for cardiac surgeries, cataract surgeries, orthopedic knee/hip implants, dialysis, and cancer treatments | Post-operative recuperative financial support (Aarogya Aasara) up to ₹5,000/month deposited directly into the senior citizen’s bank account | Dedicated Vaidya Seva Mithra helpdesks providing priority wheelchair access and admission for elderly patients","Senior citizen resident of Andhra Pradesh aged 60 years or above | Holding AP Rice Card (White Ration Card) or NTR Vaidya Seva Card | Family income within eligible ceiling (under ₹5 Lakhs per annum)","Aadhaar Card of senior citizen | AP Rice Card / NTR Vaidya Seva Health Card | Doctor referral or medical diagnosis from government/empanelled hospital","Visit any empanelled corporate or government hospital in AP, Hyderabad, Bengaluru, or Chennai -> Meet the Vaidya Seva Mithra at the hospital reception -> Instant electronic pre-authorization and free admission with zero out-of-pocket costs","Open Year Round","https://pmjay.gov.in","Dr. NTR Vaidya Seva Trust & PM-JAY Health Portal"
11,"Andhra Pradesh Vayo Vandana Senior Citizen Assistive Devices Scheme","Social Security","Senior Citizen","Andhra Pradesh","State","Department for Empowerment of Senior Citizens & ALIMCO","100% Free Assisted Living Aids (Valued up to ₹25,000 per beneficiary)","Free distribution of physical assisted-living devices (hearing aids, spectacles, wheelchairs, tripod walking sticks, and artificial dentures) for low-income senior citizens.","Free distribution of digital hearing aids, motorized/standard wheelchairs, folding walkers, tripod canes, and spectacles | Free dental screening and custom-fitted artificial dentures for elderly citizens | Restores independent physical mobility, social communication, and quality of life","Senior citizen resident of Andhra Pradesh aged 60 years or above | Holding AP White Ration Card (Rice Card) or family income under ₹1.8 Lakh per annum | Suffering from age-related hearing, vision, or locomotor impairment certified at camp","Aadhaar Card proving age 60+ | AP Rice Card / Income Certificate | Passport size photograph | Clinical assessment slip from medical officer","Attend the designated Vayo Vandana screening camp organized at Mandal / Municipality headquarters -> Undergo free clinical assessment by ALIMCO and medical specialists -> Receive customized assistive equipment on the spot or during the distribution ceremony","Open Year Round","https://www.myscheme.gov.in","Welfare of Senior Citizens Department & myScheme Portal"
12,"Andhra Pradesh Senior Citizen APSRTC Bus Concession & Vrudhula Card","Social Security","Senior Citizen","Andhra Pradesh","State","APSRTC & Transport Department, Government of Andhra Pradesh","25% Travel Concession on APSRTC Buses + Dedicated Senior Counters","25% fare concession on APSRTC express and rural buses, reserved senior seating, and priority healthcare queues for citizens aged 60+ across Andhra Pradesh.","25% discount on passenger fare on Palle Velugu, Express, Deluxe, and Super Luxury APSRTC buses | Specially earmarked reserved seats in front rows of all state buses | Priority queue privileges at government outpatient departments (OPD) and citizen service centers","Resident of Andhra Pradesh aged 60 years or older | Any gender residing in Andhra Pradesh","Aadhaar Card or Voter ID proving age 60 years or above | Passport size photograph","Present Aadhaar Card directly at any APSRTC bus ticketing counter or bus conductor during boarding -> Receive 25% discounted senior passenger ticket instantly -> Optionally obtain laminated APSRTC Senior Citizen ID card at main bus stations","Open Year Round","https://apsrtc.ap.gov.in","Andhra Pradesh State Road Transport Corporation (APSRTC)"
13,"Indira Gandhi National Old Age Pension Scheme (IGNOAPS - AP State Direct DBT)","Pension","Senior Citizen","Andhra Pradesh","State","Department of Rural Development & NSAP, Government of Andhra Pradesh","Monthly Direct Cash Pension Disbursed via Aadhaar DBT","Social security monthly cash pension directly disbursed into bank accounts of elderly citizens aged 60+ living below poverty line in Andhra Pradesh.","Direct credit into Aadhaar-seeded bank or post office account | Assures basic food and medicine security for destitute senior citizens without family support | Zero intermediaries with direct digital DBT monitoring","Elderly resident of Andhra Pradesh aged 60 years or older | Listed in official Below Poverty Line (BPL) / SECC household database","Aadhaar Card | BPL Certificate / White Ration Card / Rice Card | Aadhaar-linked Bank Account Passbook","Apply at Village / Ward Sachivalayam or through National Social Assistance Programme (NSAP) portal -> Verification by Mandal Parishad Development Officer (MPDO) / Municipal Commissioner -> Sanction and inclusion in monthly electronic DBT payroll","Open Year Round","https://www.myscheme.gov.in/search?q=pension","Ministry of Rural Development & NSAP Portal"
14,"Andhra Pradesh Vidya Deevena (Complete Fee Reimbursement)","Scholarships","Scholarships","Andhra Pradesh","State","Social Welfare & Higher Education Department, Government of Andhra Pradesh","100% Full Tuition Fee Reimbursement paid directly to colleges/mothers","100% full tuition fee reimbursement credited directly for ITI, Polytechnic, Degree, Engineering, and PG students in Andhra Pradesh.","100% Full Fee Reimbursement paid quarterly directly into bank account | Zero tuition burden for polytechnic, degree, engineering, pharmacy, and postgraduate students | Promotes educational attainment across underprivileged communities in Andhra Pradesh","Permanent resident student of Andhra Pradesh | Pursuing ITI, Polytechnic, Degree, Engineering, Medicine, or Postgraduate courses | Family annual income must not exceed ₹2.5 Lakhs per annum | Student must maintain minimum 75% attendance","Aadhaar Card of student and mother | AP Rice Card / White Ration Card (or Income Certificate under ₹2.5 Lakhs) | Integrated Caste Certificate (SC/ST/BC/Minority/EWS) | College Admission Fee Receipt and Bonafide Study Certificate | Aadhaar-seeded Bank Account Passbook","Student applies via College Principal / Nodal Officer or National Scholarship Portal -> Field verification completed by Village / Ward Sachivalayam staff -> Sanctions approved and credited in quarterly cycles via DBT","15 November 2026","https://scholarships.gov.in","Government of Andhra Pradesh & National Scholarship Portal"
15,"Andhra Pradesh Vasathi Deevena (Hostel & Boarding Grant)","Scholarships","Scholarships","Andhra Pradesh","State","Social Welfare & Backward Classes Welfare Department, Government of Andhra Pradesh","₹20,000/year (Degree/Engg) | ₹15,000/year (Polytechnic) | ₹10,000/year (ITI)","Annual financial assistance of ₹20,000 for degree/engineering, ₹15,000 for polytechnic, and ₹10,000 for ITI students for food & hostel expenses.","₹20,000 per year for Degree & Engineering students in 2 installments | ₹15,000 per year for Polytechnic diploma students | ₹10,000 per year for Industrial Training Institute (ITI) students | Covers hostel mess charges, room rents, and study materials","Permanent resident student of Andhra Pradesh | Enrolled in recognized ITI, Polytechnic, Degree, or Professional Engineering courses | Family annual income under ₹2.5 Lakhs per annum | Must maintain 75% attendance","Aadhaar Card of student and mother | AP Rice Card / FSC / Income Certificate | College Bonafide Study Certificate and Hostel Certificate | Mother’s Aadhaar-linked Bank Passbook","Applied concurrently with Vidya Deevena via college desk or National Scholarship Portal -> College Principal certifies semester enrollment and attendance -> Disbursed through official DBT gateway","15 November 2026","https://scholarships.gov.in","Government of Andhra Pradesh, Social Welfare Dept & NSP"
16,"Andhra Pradesh Overseas Study Grant (Videshi Vidya)","Scholarships","Scholarships","Andhra Pradesh","State","Higher Education & Social Welfare Department, Government of Andhra Pradesh","Up to ₹1.25 Crore (Full Fee + Living Stipend + Airfare)","Financial grant up to ₹1.25 Crore for SC, ST, BC, Minority, and EWS students securing admission in top 100 QS-ranked global universities.","100% tuition fee and living expenses up to ₹1.25 Crore for admissions in top 50 QS-ranked universities | Up to ₹50 Lakhs or 100% tuition for QS rank 51 to 100 institutions | One-way flight passage and visa counseling facilitation","Permanent resident of Andhra Pradesh | Belonging to SC, ST, BC, Minority, or EWS category | Family income not exceeding ₹8 Lakhs per annum | Age below 35 years | Secured unconditional admission in top 100 QS World University Rankings","Aadhaar Card and AP Domicile Certificate | Caste Certificate and Income Certificate from MeeSeva / Tahsildar | Unconditional admission offer letter from QS top 100 university | GRE / GMAT / IELTS / TOEFL score report | Valid Indian Passport and Student Visa","Register on official higher education portal / National Scholarship Portal -> Upload university offer letter and academic credentials -> Scrutiny by State Level Selection Committee and release of DBT milestone payments","30 November 2026","https://scholarships.gov.in","Government of Andhra Pradesh, Higher Education Dept"
17,"Andhra Pradesh Yuva Galam Unemployment Allowance Scheme","Employment","Business Holder, Student","Andhra Pradesh","State","Skill Development & Youth Welfare Department, Government of Andhra Pradesh","₹3,000 per month direct allowance","Monthly financial assistance of ₹3,000 per month for educated unemployed youth in Andhra Pradesh to support skill development and competitive exam preparation.","₹3,000 per month direct stipend credited into candidate bank account | Free industry certification and placement training via AP Skill Development Corporation (APSSDC) | Financial support during competitive exam coaching and job searches","Resident youth of Andhra Pradesh aged 18 to 35 years | Minimum qualification of Polytechnic Diploma, ITI, Graduate Degree, or PG | Currently unemployed and registered with AP Employment Exchange | Family annual income under ₹2.5 Lakhs","Aadhaar Card of applicant | Educational Degree / Diploma Certificate and Marks Memo | AP Employment Exchange registration card / Roll number | Aadhaar-linked Bank Passbook","Register on AP Skill Development Corporation Portal (apssdc.in) -> Verification of degree and unemployment status -> Monthly allowance credited directly to account","Open Year Round","https://apssdc.in","AP Skill Development Corporation, Government of Andhra Pradesh"
18,"Andhra Pradesh Sunna Vaddi (Zero Interest DWCRA Loans)","Women","Women","Andhra Pradesh","State","SERP & MEPMA, Department of Rural Development, Government of Andhra Pradesh","100% Interest Subvention on SHG bank loans up to ₹5,00,000","100% full interest subvention for DWCRA Self Help Group (SHG) women on bank loans up to ₹5,00,000 in Andhra Pradesh.","100% interest reimbursement credited directly to SHG bank accounts | Eliminates interest burden on petty shop owners, weavers, vegetable vendors, and SHG women | Strengthens women credit rating and livelihood enterprises","Women belonging to registered rural (SERP) or urban (MEPMA) DWCRA Self Help Groups in AP | Bank loan amount up to ₹5,00,000 with regular monthly repayments","SHG Group Registration details and Member Aadhaar Cards | SHG Bank Loan Account Passbook showing regular repayments | Rice Card / White Ration Card","SHG applies through Village Organization (VO) / Slum Level Federation (SLF) -> Bank submits repayment and interest claim to SERP/MEPMA -> Government disburses 100% interest subsidy directly to SHG account","Open Year Round","https://www.myscheme.gov.in","Society for Elimination of Rural Poverty (SERP) & myScheme Portal"
19,"Andhra Pradesh Free Crop Insurance Scheme (PMFBY State Integration)","Agriculture","Farmer","Andhra Pradesh","State","Department of Agriculture & AP General Insurance Corporation, Government of Andhra Pradesh","100% Free Premium Subsidy + Direct Crop Loss Compensation up to ₹50,000/hectare","100% state-funded crop insurance covering 100% of farmer premium on all notified food and commercial crops across Andhra Pradesh.","Farmer pays nominal ₹1 token per acre; full commercial premium is borne by AP Government | Automatic compensation payout via DBT based on scientific satellite crop cutting experiments | Protects paddy, groundnut, cotton, chili, pulses, and maize farmers from natural disaster losses","Farmer cultivating land in Andhra Pradesh registered on official e-Crop portal | Landholding farmers and tenant farmers holding valid CCRC cards","Aadhaar Card of farmer | e-Crop booking acknowledgment / Pattadar Passbook / CCRC card | Aadhaar-seeded Bank Passbook","Get crop cultivated registered during seasonal e-Crop survey by Village Agriculture Assistant (VAA) -> Check name in published eligible farmer list at Rythu Bharosa Kendra (RBK) -> Claim compensation transferred automatically post-harvest disaster assessment","31 December 2026","https://pmfby.gov.in","Department of Agriculture, AP & PMFBY National Portal"
20,"Pradhan Mantri KUSUM Solar Agriculture Pump Scheme (AP State Portal)","Agriculture","Farmer","Andhra Pradesh","State","New and Renewable Energy Development Corporation of AP (NREDCAP)","Up to 90% Subsidy on 3HP, 5HP & 7.5HP Solar Pumpsets (Benefit ₹1.5L to ₹3.5L)","Up to 90% capital subsidy on standalone solar agriculture pumps (3HP to 7.5HP) for farmers in Andhra Pradesh with zero grid power bills.","Provides reliable daytime irrigation with zero electricity charges or diesel expenses | Replaces expensive diesel pump operations with clean, maintenance-free solar energy | 5-year comprehensive warranty and remote performance monitoring","Individual farmers, farmer groups, or water user associations in Andhra Pradesh | Possessing cultivable agricultural land with viable open well or borewell water source","Aadhaar Card | Pattadar Passbook / 1B Land Record | Water Source / Borewell certificate | Bank Account details","Apply online on NREDCAP AP portal or through Rythu Seva Kendra -> Technical site feasibility survey by renewable energy engineers -> Deposit beneficiary contribution and prompt installation of solar array","31 December 2026","https://pmkusum.mnre.gov.in","Ministry of New & Renewable Energy & NREDCAP Andhra Pradesh"
21,"National Scholarship Portal (NSP) Post-Matric Scholarship for SC/ST/OBC Students (AP)","Scholarships","Student","Andhra Pradesh","State","Ministry of Social Justice and Empowerment & AP Social Welfare Dept","₹7,000 to ₹20,000 per year maintenance allowance + 100% compulsory fee support","Annual scholarship of up to ₹20,000 plus non-refundable course fee waiver for Class 11, 12, ITI, Diploma, Graduation, and Postgraduation.","Monthly maintenance allowance credited directly via Aadhaar DBT | Full reimbursement of tuition, laboratory, library, and examination fees | Enables students from economically weaker backgrounds to attain graduation and degrees","Permanent resident student of Andhra Pradesh | Studying in Class 11, 12, Diploma, UG, PG, or Professional college | Family annual income under ₹2.5 Lakhs (SC/ST) or ₹1.5 Lakhs (OBC/EBC)","Aadhaar Card of student | Previous year academic marksheet / Passing certificate | Caste Certificate and Income Certificate | Bonafide Student Certificate from College / Institution | Aadhaar-seeded Bank Account Passbook","Register on National Scholarship Portal (scholarships.gov.in) with Aadhaar verification (OTR) -> Fill post-matric scholarship application and select Andhra Pradesh state domicile -> Institute verification by College Nodal Officer and final sanction by State Welfare Officer","31 December 2026","https://scholarships.gov.in","National Scholarship Portal (NSP), Government of India"
22,"AICTE Pragati Scholarship Scheme for Girl Students in Technical Education (AP)","Scholarships","Student, Women","Andhra Pradesh","State","All India Council for Technical Education (AICTE) & Ministry of Education","₹50,000 per year (Total ₹2,00,000 for B.Tech / ₹1,50,000 for Polytechnic)","₹50,000 per year for all 4 years of Technical Degree (Engineering) or 3 years of Diploma for female students in Andhra Pradesh.","₹50,000 per year direct DBT payment for every year of technical degree/diploma course | Covers college tuition, purchase of laptops, books, and engineering equipment | No cap on the number of scholarships per state; awarded to all eligible applicants meeting criteria","Girl student resident of Andhra Pradesh admitted to 1st year of AICTE-approved Degree/Diploma course | Family annual income must not exceed ₹8,00,000 per annum | Maximum two girl children per family eligible","Aadhaar Card of girl student | 10th & 12th / Polytechnic Entrance rank card and marks memo | Allotment letter & Fee receipt from AICTE-approved engineering/polytechnic college | Family Income Certificate (below ₹8 Lakhs) | Aadhaar-linked Bank Passbook","Apply on National Scholarship Portal (scholarships.gov.in) -> Online verification by College Principal / AICTE coordinator -> Direct benefit transfer credited into student bank account","31 December 2026","https://scholarships.gov.in","AICTE & National Scholarship Portal"
23,"Pradhan Mantri Matru Vandana Yojana (PMMVY - AP State Health Integration)","Women","Women","Andhra Pradesh","State","Ministry of Women and Child Development & AP Health Dept","₹5,000 (First Child) | ₹6,000 (Second Girl Child) DBT Cash","Maternity financial grant of ₹5,000 to ₹6,000 for pregnant women and lactating mothers for first and second girl child.","Direct cash transfer in installments into mother’s Aadhaar-linked bank account | Ensures early antenatal check-ups, institutional hospital delivery, and child vaccination | Reduces maternal and infant mortality across Andhra Pradesh","Pregnant women and lactating mothers residing in Andhra Pradesh | Holding AP Rice Card / EWS / SC/ST / PwD / BPL card | Registered at local Anganwadi Center","Mother and Father Aadhaar Cards | Mother and Child Protection (MCP) Card from Anganwadi / Primary Health Center | AP Rice Card / Ration Card | Mother’s Aadhaar-linked Bank Passbook","Register pregnancy at local Anganwadi Center (AWC) or Primary Health Center (PHC) -> Anganwadi worker registers application on PMMVY portal (pmmvy.wcd.gov.in) -> DBT installments disbursed directly into the mother’s account","Open Year Round","https://pmmvy.wcd.gov.in","Ministry of Women and Child Development & National Portal"
24,"Sukanya Samriddhi Yojana (SSY - AP Post Office & Bank Scheme)","Women","Women","Andhra Pradesh","State","Department of Posts & Ministry of Finance, Government of India","Highest Small Savings Interest (8.2% Compound Annual) + Triple Tax Exemption","High-interest (8.2% p.a.) tax-free small savings scheme for girl child aged 0–10 years for higher education and marriage fund.","High guaranteed sovereign interest rate compounded annually | Deposit as little as ₹250 per year up to ₹1,50,000 per financial year | 50% partial withdrawal allowed for girl’s higher education after age 18","Girl child resident of Andhra Pradesh aged between 0 and 10 years | Opened by biological parents or legal guardian","Birth Certificate of the girl child | Aadhaar Card & PAN Card of Parent / Guardian | Passport size photographs","Visit nearest AP Post Office or bank branch (SBI, Andhra Pragathi Grameena Bank, etc.) -> Submit SSY opening form with initial minimum deposit of ₹250 -> Receive official SSY Account Passbook","Open Year Round","https://www.myscheme.gov.in","India Post & myScheme Portal"
25,"Andhra Pradesh NTR Bharosa Disability & PwD Pension Scheme","Pension","Senior Citizen","Andhra Pradesh","State","Department of Social Welfare & SERP, Government of Andhra Pradesh","₹6,000 per month (Up to ₹15,000/month for severe/bedridden disability)","Enhanced monthly pension of ₹6,000 per month (and up to ₹15,000 for fully bedridden) delivered at doorstep for persons with disabilities in AP.","₹6,000 monthly pension delivered directly at home in cash or bank transfer on the 1st of every month | Free assistive aids and transport bus concession across Andhra Pradesh | Guaranteed lifelong economic dignity and caregiver support","Resident of Andhra Pradesh with minimum 40% certified disability on SADAREM certificate | Any age group including senior citizens with physical/sensory impairment | Holding AP White Ration Card / Rice Card","Aadhaar Card | SADAREM Disability Assessment Certificate (Minimum 40%) | AP Rice Card / Ration Card | Bank Account details","Obtain SADAREM assessment at Area Government Hospital -> Submit pension request at Village / Ward Sachivalayam -> Doorstep monthly pension disbursement starts on next 1st of month","Open Year Round","https://www.myscheme.gov.in/search?q=pension","Society for Elimination of Rural Poverty (SERP) & NSAP Portal"
26,"Atal Pension Yojana (APY - AP State Banking Co-Contribution)","Pension","Senior Citizen, Farmer, Business Holder","Andhra Pradesh","State","Pension Fund Regulatory and Development Authority (PFRDA) & Ministry of Finance","Guaranteed Lifetime Pension of ₹1,000 to ₹5,000 per month after age 60","Guaranteed lifetime monthly pension of ₹1,000 to ₹5,000 per month starting at age 60 with nominee spouse pension benefits.","Fixed monthly pension for life to the subscriber after age 60 | Full continuation of monthly pension to spouse in case of subscriber demise | Return of full accumulated pension wealth to nominee after spouse demise","Resident of Andhra Pradesh aged between 18 and 40 years at entry | Holding active savings bank account with auto-debit facility | Non-income tax payer","Aadhaar Card | Bank Account Passbook (NPCI mapped) | Nominee Aadhaar and details","Visit your local bank branch or AP Grameena Bank or register via Net Banking -> Select desired monthly pension tier (₹1,000 to ₹5,000) -> Set up monthly auto-debit contribution","Open Year Round","https://www.npscra.nsdl.co.in","PFRDA & National Portal"